Model,Weight decay,Backbone LR,Classifier LR,T_max
ResNet18,0.00010,0.00003,0.00030,25
ResNet34,0.00010,0.00003,0.00030,25
ResNet50,0.00010,0.00003,0.00030,25
ResNet101,0.00010,0.00003,0.00030,25
MobileNetV2,0.00010,0.00003,0.00030,25
MobileNetV3 Large,0.00010,0.00003,0.00030,25
MobileNetV3 Small,0.00010,0.00003,0.00030,25
EfficientNet B0,0.00010,0.00003,0.00010,35
EfficientNet B1,0.00010,0.00003,0.00030,25
EfficientNet B2,0.00010,0.00005,0.00030,35
EfficientNet B3,0.00010,0.00010,0.00030,35
EfficientNet B4,0.00010,0.00010,0.00030,35
